Game Number,QL Win Percentage (against EV)
1,0
2,0
3,0
4,0
5,0
6,0
7,0
8,0
9,0
10,0
11,0
12,0
13,0
14,0
15,0
16,0
17,0
18,0.056
19,0.053
20,0.05
21,0.048
22,0.045
23,0.043
24,0.083
25,0.08
26,0.077
27,0.074
28,0.071
29,0.069
30,0.067
31,0.065
32,0.062
33,0.061
34,0.088
35,0.086
36,0.111
37,0.135
38,0.132
39,0.128
40,0.125
41,0.122
42,0.119
43,0.116
44,0.114
45,0.111
46,0.109
47,0.128
48,0.125
49,0.143
50,0.16
51,0.157
52,0.154
53,0.151
54,0.148
55,0.145
56,0.143
57,0.14
58,0.138
59,0.136
60,0.133
61,0.131
62,0.129
63,0.127
64,0.125
65,0.123
66,0.121
67,0.119
68,0.118
69,0.116
70,0.114
71,0.127
72,0.125
73,0.137
74,0.135
75,0.147
76,0.145
77,0.143
78,0.141
79,0.139
80,0.138
81,0.136
82,0.134
83,0.133
84,0.131
85,0.129
86,0.128
87,0.138
88,0.136
89,0.135
90,0.133
91,0.132
92,0.13
93,0.129
94,0.128
95,0.126
96,0.125
97,0.124
98,0.122
99,0.131
100,0.13
101,0.129
102,0.127
103,0.126
104,0.125
105,0.124
106,0.123
107,0.121
108,0.12
109,0.119
110,0.118
111,0.117
112,0.125
113,0.124
114,0.123
115,0.122
116,0.121
117,0.12
118,0.119
119,0.126
120,0.125
121,0.124
122,0.123
123,0.122
124,0.121
125,0.12
126,0.119
127,0.118
128,0.117
129,0.116
130,0.115
131,0.115
132,0.114
133,0.113
134,0.112
135,0.111
136,0.11
137,0.109
138,0.109
139,0.108
140,0.107
141,0.106
142,0.113
143,0.112
144,0.111
145,0.117
146,0.116
147,0.116
148,0.115
149,0.114
150,0.113
151,0.113
152,0.112
153,0.118
154,0.117
155,0.116
156,0.115
157,0.115
158,0.114
159,0.113
160,0.113
161,0.112
162,0.111
163,0.11
164,0.11
165,0.109
166,0.114
167,0.114
168,0.113
169,0.112
170,0.112
171,0.111
172,0.11
173,0.11
174,0.109
175,0.109
176,0.108
177,0.107
178,0.107
179,0.106
180,0.106
181,0.11
182,0.11
183,0.109
184,0.114
185,0.114
186,0.113
187,0.112
188,0.112
189,0.116
190,0.116
191,0.115
192,0.115
193,0.114
194,0.119
195,0.118
196,0.117
197,0.117
198,0.116
199,0.116
200,0.115
201,0.114
202,0.114
203,0.113
204,0.113
205,0.112
206,0.112
207,0.111
208,0.111
209,0.11
210,0.11
211,0.109
212,0.113
213,0.113
214,0.112
215,0.116
216,0.116
217,0.115
218,0.115
219,0.114
220,0.114
221,0.113
222,0.113
223,0.112
224,0.112
225,0.116
226,0.115
227,0.115
228,0.114
229,0.118
230,0.117
231,0.117
232,0.116
233,0.12
234,0.12
235,0.123
236,0.123
237,0.122
238,0.122
239,0.121
240,0.121
241,0.12
242,0.12
243,0.123
244,0.123
245,0.122
246,0.122
247,0.121
248,0.121
249,0.12
250,0.12
251,0.124
252,0.123
253,0.123
254,0.126
255,0.125
256,0.125
257,0.128
258,0.128
259,0.127
260,0.131
261,0.13
262,0.13
263,0.133
264,0.133
265,0.132
266,0.132
267,0.131
268,0.131
269,0.13
270,0.13
271,0.129
272,0.129
273,0.128
274,0.128
275,0.127
276,0.127
277,0.126
278,0.126
279,0.125
280,0.125
281,0.128
282,0.128
283,0.131
284,0.134
285,0.137
286,0.136
287,0.136
288,0.135
289,0.135
290,0.134
291,0.134
292,0.134
293,0.133
294,0.133
295,0.136
296,0.135
297,0.135
298,0.138
299,0.14
300,0.143
301,0.143
302,0.142
303,0.142
304,0.141
305,0.141
306,0.144
307,0.143
308,0.143
309,0.142
310,0.142
311,0.141
312,0.141
313,0.141
314,0.14
315,0.14
316,0.139
317,0.139
318,0.138
319,0.138
320,0.138
321,0.14
322,0.14
323,0.139
324,0.139
325,0.138
326,0.138
327,0.141
328,0.14
329,0.14
330,0.139
331,0.139
332,0.142
333,0.144
334,0.144
335,0.143
336,0.143
337,0.142
338,0.142
339,0.142
340,0.141
341,0.141
342,0.14
343,0.14
344,0.14
345,0.139
346,0.142
347,0.141
348,0.141
349,0.14
350,0.14
351,0.14
352,0.139
353,0.139
354,0.141
355,0.141
356,0.14
357,0.14
358,0.14
359,0.142
360,0.142
361,0.141
362,0.141
363,0.14
364,0.14
365,0.14
366,0.139
367,0.139
368,0.139
369,0.138
370,0.138
371,0.137
372,0.137
373,0.137
374,0.136
375,0.136
376,0.136
377,0.135
378,0.135
379,0.135
380,0.134
381,0.134
382,0.134
383,0.133
384,0.133
385,0.132
386,0.132
387,0.132
388,0.131
389,0.131
390,0.131
391,0.13
392,0.133
393,0.132
394,0.132
395,0.132
396,0.134
397,0.134
398,0.133
399,0.133
400,0.133
401,0.135
402,0.134
403,0.134
404,0.136
405,0.136
406,0.135
407,0.135
408,0.135
409,0.134
410,0.137
411,0.139
412,0.138
413,0.138
414,0.138
415,0.137
416,0.139
417,0.139
418,0.139
419,0.138
420,0.138
421,0.138
422,0.137
423,0.137
424,0.137
425,0.139
426,0.138
427,0.138
428,0.138
429,0.138
430,0.14
431,0.139
432,0.139
433,0.139
434,0.138
435,0.138
436,0.138
437,0.137
438,0.137
439,0.137
440,0.139
441,0.138
442,0.138
443,0.138
444,0.137
445,0.137
446,0.137
447,0.136
448,0.138
449,0.138
450,0.138
451,0.137
452,0.137
453,0.137
454,0.137
455,0.136
456,0.136
457,0.136
458,0.135
459,0.135
460,0.135
461,0.134
462,0.134
463,0.134
464,0.134
465,0.135
466,0.135
467,0.135
468,0.135
469,0.134
470,0.134
471,0.134
472,0.133
473,0.133
474,0.133
475,0.133
476,0.132
477,0.132
478,0.132
479,0.134
480,0.133
481,0.133
482,0.133
483,0.133
484,0.132
485,0.132
486,0.132
487,0.133
488,0.133
489,0.133
490,0.133
491,0.132
492,0.132
493,0.132
494,0.134
495,0.135
496,0.135
497,0.135
498,0.135
499,0.134
500,0.134
501,0.134
502,0.133
503,0.133
504,0.133
505,0.133
506,0.132
507,0.132
508,0.132
509,0.132
510,0.131
511,0.131
512,0.131
513,0.133
514,0.134
515,0.134
516,0.134
517,0.133
518,0.133
519,0.133
520,0.133
521,0.132
522,0.132
523,0.132
524,0.132
525,0.131
526,0.133
527,0.133
528,0.134
529,0.134
530,0.134
531,0.134
532,0.135
533,0.137
534,0.137
535,0.136
536,0.136
537,0.136
538,0.136
539,0.135
540,0.135
541,0.135
542,0.137
543,0.136
544,0.136
545,0.136
546,0.136
547,0.135
548,0.135
549,0.135
550,0.135
551,0.136
552,0.136
553,0.136
554,0.135
555,0.135
556,0.135
557,0.135
558,0.134
559,0.134
560,0.134
561,0.135
562,0.135
563,0.135
564,0.135
565,0.135
566,0.134
567,0.134
568,0.134
569,0.134
570,0.133
571,0.133
572,0.133
573,0.134
574,0.134
575,0.136
576,0.135
577,0.135
578,0.135
579,0.135
580,0.134
581,0.134
582,0.136
583,0.136
584,0.135
585,0.135
586,0.137
587,0.136
588,0.136
589,0.136
590,0.136
591,0.135
592,0.135
593,0.135
594,0.136
595,0.136
596,0.136
597,0.136
598,0.135
599,0.135
600,0.135
601,0.135
602,0.135
603,0.136
604,0.136
605,0.136
606,0.135
607,0.135
608,0.135
609,0.135
610,0.134
611,0.134
612,0.134
613,0.134
614,0.134
615,0.133
616,0.133
617,0.133
618,0.134
619,0.136
620,0.137
621,0.137
622,0.137
623,0.136
624,0.136
625,0.138
626,0.137
627,0.137
628,0.137
629,0.137
630,0.137
631,0.136
632,0.136
633,0.136
634,0.136
635,0.135
636,0.135
637,0.135
638,0.135
639,0.135
640,0.136
641,0.137
642,0.137
643,0.137
644,0.137
645,0.136
646,0.136
647,0.136
648,0.136
649,0.136
650,0.137
651,0.138
652,0.138
653,0.138
654,0.138
655,0.139
656,0.139
657,0.139
658,0.138
659,0.14
660,0.139
661,0.139
662,0.139
663,0.139
664,0.14
665,0.141
666,0.141
667,0.141
668,0.142
669,0.142
670,0.142
671,0.142
672,0.141
673,0.141
674,0.142
675,0.142
676,0.142
677,0.142
678,0.142
679,0.141
680,0.141
681,0.141
682,0.141
683,0.141
684,0.14
685,0.14
686,0.14
687,0.14
688,0.14
689,0.139
690,0.139
691,0.139
692,0.139
693,0.139
694,0.138
695,0.14
696,0.139
697,0.139
698,0.139
699,0.14
700,0.14
701,0.141
702,0.141
703,0.141
704,0.141
705,0.142
706,0.142
707,0.141
708,0.141
709,0.141
710,0.141
711,0.141
712,0.14
713,0.14
714,0.14
715,0.14
716,0.14
717,0.139
718,0.139
719,0.139
720,0.139
721,0.139
722,0.139
723,0.138
724,0.138
725,0.138
726,0.138
727,0.138
728,0.137
729,0.137
730,0.138
731,0.138
732,0.138
733,0.138
734,0.138
735,0.137
736,0.137
737,0.137
738,0.137
739,0.137
740,0.136
741,0.136
742,0.136
743,0.136
744,0.136
745,0.136
746,0.135
747,0.135
748,0.135
749,0.135
750,0.135
751,0.134
752,0.134
753,0.134
754,0.134
755,0.135
756,0.135
757,0.135
758,0.135
759,0.134
760,0.134
761,0.134
762,0.134
763,0.134
764,0.134
765,0.133
766,0.134
767,0.136
768,0.137
769,0.138
770,0.139
771,0.139
772,0.139
773,0.14
774,0.14
775,0.139
776,0.139
777,0.139
778,0.139
779,0.14
780,0.141
781,0.141
782,0.141
783,0.142
784,0.142
785,0.141
786,0.141
787,0.141
788,0.141
789,0.141
790,0.141
791,0.14
792,0.14
793,0.14
794,0.14
795,0.14
796,0.141
797,0.141
798,0.14
799,0.14
800,0.14
801,0.14
802,0.14
803,0.139
804,0.141
805,0.14
806,0.14
807,0.14
808,0.14
809,0.141
810,0.141
811,0.142
812,0.142
813,0.141
814,0.143
815,0.142
816,0.142
817,0.142
818,0.142
819,0.142
820,0.141
821,0.141
822,0.141
823,0.141
824,0.141
825,0.141
826,0.14
827,0.14
828,0.14
829,0.14
830,0.14
831,0.141
832,0.141
833,0.142
834,0.143
835,0.143
836,0.142
837,0.142
838,0.142
839,0.142
840,0.143
841,0.143
842,0.143
843,0.144
844,0.143
845,0.143
846,0.144
847,0.144
848,0.144
849,0.144
850,0.144
851,0.143
852,0.143
853,0.143
854,0.143
855,0.143
856,0.143
857,0.142
858,0.142
859,0.142
860,0.142
861,0.142
862,0.142
863,0.141
864,0.141
865,0.141
866,0.141
867,0.142
868,0.142
869,0.142
870,0.141
871,0.141
872,0.141
873,0.141
874,0.142
875,0.142
876,0.142
877,0.141
878,0.141
879,0.142
880,0.142
881,0.142
882,0.142
883,0.142
884,0.141
885,0.141
886,0.141
887,0.142
888,0.143
889,0.143
890,0.143
891,0.143
892,0.142
893,0.142
894,0.142
895,0.142
896,0.142
897,0.142
898,0.141
899,0.141
900,0.142
901,0.143
902,0.143
903,0.143
904,0.143
905,0.144
906,0.143
907,0.143
908,0.143
909,0.143
910,0.143
911,0.143
912,0.143
913,0.142
914,0.142
915,0.142
916,0.142
917,0.142
918,0.142
919,0.141
920,0.141
921,0.142
922,0.142
923,0.142
924,0.142
925,0.142
926,0.141
927,0.141
928,0.141
929,0.141
930,0.141
931,0.141
932,0.141
933,0.14
934,0.14
935,0.141
936,0.141
937,0.142
938,0.143
939,0.144
940,0.144
941,0.143
942,0.143
943,0.144
944,0.145
945,0.145
946,0.145
947,0.145
948,0.145
949,0.144
950,0.144
951,0.144
952,0.145
953,0.145
954,0.145
955,0.145
956,0.144
957,0.144
958,0.144
959,0.144
960,0.145
961,0.145
962,0.146
963,0.146
964,0.146
965,0.146
966,0.146
967,0.146
968,0.146
969,0.146
970,0.145
971,0.145
972,0.145
973,0.145
974,0.146
975,0.146
976,0.145
977,0.145
978,0.145
979,0.145
980,0.145
981,0.145
982,0.145
983,0.144
984,0.144
985,0.144
986,0.144
987,0.144
988,0.144
989,0.144
990,0.143
991,0.144
992,0.144
993,0.145
994,0.145
995,0.145
996,0.145
997,0.144
998,0.144
999,0.144
1000,0.144
1001,0.144
1002,0.144
1003,0.144
1004,0.144
1005,0.144
1006,0.144
1007,0.144
1008,0.144
1009,0.144
1010,0.145
1011,0.144
1012,0.144
1013,0.144
1014,0.145
1015,0.145
1016,0.145
1017,0.145
1018,0.144
1019,0.144
1020,0.145
1021,0.145
1022,0.145
1023,0.145
1024,0.145
1025,0.144
1026,0.144
1027,0.144
1028,0.144
1029,0.144
1030,0.144
1031,0.144
1032,0.143
1033,0.143
1034,0.143
1035,0.143
1036,0.143
1037,0.144
1038,0.145
1039,0.144
1040,0.144
1041,0.144
1042,0.145
1043,0.145
1044,0.145
1045,0.144
1046,0.144
1047,0.144
1048,0.145
1049,0.145
1050,0.145
1051,0.145
1052,0.144
1053,0.144
1054,0.144
1055,0.144
1056,0.144
1057,0.144
1058,0.145
1059,0.144
1060,0.145
1061,0.146
1062,0.146
1063,0.146
1064,0.146
1065,0.146
1066,0.145
1067,0.145
1068,0.145
1069,0.145
1070,0.145
1071,0.145
1072,0.145
1073,0.145
1074,0.145
1075,0.145
1076,0.145
1077,0.145
1078,0.145
1079,0.145
1080,0.144
1081,0.144
1082,0.144
1083,0.144
1084,0.144
1085,0.144
1086,0.145
1087,0.144
1088,0.144
1089,0.144
1090,0.144
1091,0.144
1092,0.144
1093,0.144
1094,0.144
1095,0.144
1096,0.144
1097,0.144
1098,0.144
1099,0.144
1100,0.144
1101,0.144
1102,0.144
1103,0.144
1104,0.144
1105,0.144
1106,0.144
1107,0.144
1108,0.144
1109,0.145
1110,0.146
1111,0.146
1112,0.147
1113,0.146
1114,0.146
1115,0.146
1116,0.146
1117,0.146
1118,0.146
1119,0.146
1120,0.146
1121,0.146
1122,0.147
1123,0.147
1124,0.147
1125,0.148
1126,0.147
1127,0.148
1128,0.148
1129,0.148
1130,0.148
1131,0.148
1132,0.148
1133,0.147
1134,0.147
1135,0.147
1136,0.147
1137,0.147
1138,0.147
1139,0.147
1140,0.146
1141,0.146
1142,0.146
1143,0.146
1144,0.146
1145,0.146
1146,0.146
1147,0.146
1148,0.145
1149,0.146
1150,0.146
1151,0.146
1152,0.146
1153,0.146
1154,0.146
1155,0.145
1156,0.145
1157,0.145
1158,0.145
1159,0.145
1160,0.145
1161,0.145
1162,0.145
1163,0.144
1164,0.145
1165,0.145
1166,0.146
1167,0.146
1168,0.146
1169,0.145
1170,0.145
1171,0.145
1172,0.145
1173,0.145
1174,0.146
1175,0.146
1176,0.146
1177,0.146
1178,0.146
1179,0.146
1180,0.146
1181,0.146
1182,0.146
1183,0.145
1184,0.145
1185,0.145
1186,0.145
1187,0.145
1188,0.145
1189,0.146
1190,0.145
1191,0.145
1192,0.146
1193,0.146
1194,0.146
1195,0.146
1196,0.145
1197,0.145
1198,0.145
1199,0.145
1200,0.145
1201,0.145
1202,0.145
1203,0.145
1204,0.145
1205,0.144
1206,0.144
1207,0.144
1208,0.144
1209,0.144
1210,0.144
1211,0.145
1212,0.144
1213,0.145
1214,0.145
1215,0.145
1216,0.145
1217,0.145
1218,0.144
1219,0.144
1220,0.144
1221,0.145
1222,0.145
1223,0.146
1224,0.145
1225,0.145
1226,0.146
1227,0.146
1228,0.146
1229,0.146
1230,0.146
1231,0.146
1232,0.146
1233,0.147
1234,0.147
1235,0.147
1236,0.146
1237,0.146
1238,0.146
1239,0.146
1240,0.146
1241,0.146
1242,0.146
1243,0.146
1244,0.146
1245,0.146
1246,0.147
1247,0.147
1248,0.147
1249,0.147
1250,0.146
1251,0.147
1252,0.147
1253,0.147
1254,0.147
1255,0.147
1256,0.146
1257,0.146
1258,0.146
1259,0.146
1260,0.146
1261,0.146
1262,0.146
1263,0.146
1264,0.146
1265,0.145
1266,0.145
1267,0.145
1268,0.145
1269,0.145
1270,0.145
1271,0.146
1272,0.146
1273,0.147
1274,0.147
1275,0.147
1276,0.147
1277,0.146
1278,0.146
1279,0.146
1280,0.146
1281,0.147
1282,0.147
1283,0.147
1284,0.146
1285,0.146
1286,0.146
1287,0.146
1288,0.146
1289,0.146
1290,0.146
1291,0.146
1292,0.146
1293,0.146
1294,0.146
1295,0.146
1296,0.146
1297,0.146
1298,0.146
1299,0.145
1300,0.145
1301,0.146
1302,0.146
1303,0.146
1304,0.146
1305,0.146
1306,0.145
1307,0.145
1308,0.145
1309,0.145
1310,0.145
1311,0.145
1312,0.145
1313,0.145
1314,0.145
1315,0.144
1316,0.144
1317,0.144
1318,0.144
1319,0.145
1320,0.145
1321,0.145
1322,0.144
1323,0.144
1324,0.144
1325,0.144
1326,0.144
1327,0.144
1328,0.144
1329,0.144
1330,0.144
1331,0.144
1332,0.144
1333,0.145
1334,0.145
1335,0.145
1336,0.144
1337,0.145
1338,0.146
1339,0.146
1340,0.146
1341,0.146
1342,0.147
1343,0.147
1344,0.147
1345,0.147
1346,0.147
1347,0.147
1348,0.148
1349,0.148
1350,0.147
1351,0.147
1352,0.147
1353,0.147
1354,0.147
1355,0.147
1356,0.147
1357,0.147
1358,0.147
1359,0.147
1360,0.147
1361,0.147
1362,0.147
1363,0.147
1364,0.147
1365,0.147
1366,0.146
1367,0.147
1368,0.147
1369,0.147
1370,0.147
1371,0.147
1372,0.147
1373,0.146
1374,0.146
1375,0.146
1376,0.146
1377,0.146
1378,0.146
1379,0.146
1380,0.146
1381,0.147
1382,0.147
1383,0.147
1384,0.147
1385,0.147
1386,0.147
1387,0.147
1388,0.147
1389,0.147
1390,0.147
1391,0.147
1392,0.147
1393,0.146
1394,0.147
1395,0.147
1396,0.147
1397,0.147
1398,0.147
1399,0.147
1400,0.147
1401,0.147
1402,0.147
1403,0.147
1404,0.147
1405,0.147
1406,0.147
1407,0.146
1408,0.146
1409,0.146
1410,0.147
1411,0.147
1412,0.147
1413,0.146
1414,0.146
1415,0.146
1416,0.146
1417,0.146
1418,0.147
1419,0.147
1420,0.146
1421,0.146
1422,0.146
1423,0.146
1424,0.146
1425,0.146
1426,0.146
1427,0.146
1428,0.146
1429,0.146
1430,0.145
1431,0.145
1432,0.145
1433,0.146
1434,0.146
1435,0.146
1436,0.146
1437,0.145
1438,0.146
1439,0.147
1440,0.147
1441,0.146
1442,0.146
1443,0.146
1444,0.146
1445,0.146
1446,0.146
1447,0.146
1448,0.146
1449,0.146
1450,0.146
1451,0.145
1452,0.145
1453,0.145
1454,0.145
1455,0.145
1456,0.145
1457,0.146
1458,0.145
1459,0.145
1460,0.145
1461,0.145
1462,0.145
1463,0.145
1464,0.145
1465,0.145
1466,0.145
1467,0.145
1468,0.144
1469,0.145
1470,0.145
1471,0.145
1472,0.145
1473,0.145
1474,0.145
1475,0.145
1476,0.145
1477,0.145
1478,0.145
1479,0.145
1480,0.145
1481,0.144
1482,0.144
1483,0.144
1484,0.144
1485,0.144
1486,0.144
1487,0.144
1488,0.144
1489,0.144
1490,0.144
1491,0.144
1492,0.143
1493,0.143
1494,0.143
1495,0.143
1496,0.143
1497,0.143
1498,0.143
1499,0.143
1500,0.143
1501,0.143
1502,0.142
1503,0.142
1504,0.142
1505,0.142
1506,0.142
1507,0.142
1508,0.142
1509,0.142
1510,0.142
1511,0.142
1512,0.142
1513,0.142
1514,0.142
1515,0.142
1516,0.142
1517,0.142
1518,0.142
1519,0.142
1520,0.143
1521,0.143
1522,0.143
1523,0.142
1524,0.142
1525,0.142
1526,0.142
1527,0.142
1528,0.143
1529,0.143
1530,0.143
1531,0.143
1532,0.143
1533,0.143
1534,0.143
1535,0.143
1536,0.143
1537,0.142
1538,0.142
1539,0.142
1540,0.142
1541,0.143
1542,0.143
1543,0.143
1544,0.142
1545,0.142
1546,0.142
1547,0.142
1548,0.142
1549,0.142
1550,0.142
1551,0.142
1552,0.142
1553,0.142
1554,0.142
1555,0.141
1556,0.141
1557,0.141
1558,0.141
1559,0.141
1560,0.141
1561,0.141
1562,0.141
1563,0.141
1564,0.141
1565,0.141
1566,0.14
1567,0.14
1568,0.14
1569,0.14
1570,0.141
1571,0.141
1572,0.141
1573,0.141
1574,0.141
1575,0.141
1576,0.141
1577,0.141
1578,0.141
1579,0.141
1580,0.141
1581,0.14
1582,0.14
1583,0.14
1584,0.141
1585,0.141
1586,0.141
1587,0.141
1588,0.14
1589,0.14
1590,0.14
1591,0.14
1592,0.14
1593,0.14
1594,0.141
1595,0.14
1596,0.14
1597,0.141
1598,0.141
1599,0.141
1600,0.141
1601,0.141
1602,0.14
1603,0.14
1604,0.14
1605,0.14
1606,0.141
1607,0.141
1608,0.141
1609,0.14
1610,0.14
1611,0.14
1612,0.14
1613,0.14
1614,0.14
1615,0.141
1616,0.14
1617,0.14
1618,0.141
1619,0.141
1620,0.141
1621,0.141
1622,0.141
1623,0.14
1624,0.141
1625,0.141
1626,0.141
1627,0.141
1628,0.141
1629,0.141
1630,0.141
1631,0.141
1632,0.142
1633,0.141
1634,0.141
1635,0.141
1636,0.141
1637,0.141
1638,0.141
1639,0.141
1640,0.141
1641,0.141
1642,0.141
1643,0.141
1644,0.141
1645,0.141
1646,0.141
1647,0.141
1648,0.141
1649,0.142
1650,0.142
1651,0.142
1652,0.142
1653,0.142
1654,0.143
1655,0.143
1656,0.143
1657,0.143
1658,0.143
1659,0.143
1660,0.143
1661,0.143
1662,0.143
1663,0.143
1664,0.143
1665,0.143
1666,0.143
1667,0.143
1668,0.143
1669,0.143
1670,0.143
1671,0.143
1672,0.143
1673,0.143
1674,0.143
1675,0.143
1676,0.143
1677,0.143
1678,0.142
1679,0.142
1680,0.142
1681,0.142
1682,0.142
1683,0.142
1684,0.142
1685,0.142
1686,0.142
1687,0.142
1688,0.142
1689,0.142
1690,0.142
1691,0.142
1692,0.142
1693,0.142
1694,0.142
1695,0.142
1696,0.142
1697,0.142
1698,0.142
1699,0.142
1700,0.142
1701,0.142
1702,0.143
1703,0.143
1704,0.144
1705,0.144
1706,0.144
1707,0.144
1708,0.143
1709,0.143
1710,0.143
1711,0.143
1712,0.143
1713,0.143
1714,0.143
1715,0.143
1716,0.143
1717,0.143
1718,0.143
1719,0.143
1720,0.142
1721,0.142
1722,0.142
1723,0.143
1724,0.143
1725,0.143
1726,0.144
1727,0.144
1728,0.144
1729,0.144
1730,0.144
1731,0.144
1732,0.144
1733,0.144
1734,0.144
1735,0.145
1736,0.145
1737,0.145
1738,0.144
1739,0.144
1740,0.144
1741,0.144
1742,0.144
1743,0.145
1744,0.144
1745,0.144
1746,0.144
1747,0.145
1748,0.145
1749,0.145
1750,0.145
1751,0.145
1752,0.145
1753,0.145
1754,0.145
1755,0.145
1756,0.145
1757,0.145
1758,0.144
1759,0.144
1760,0.144
1761,0.144
1762,0.144
1763,0.145
1764,0.145
1765,0.144
1766,0.144
1767,0.144
1768,0.144
1769,0.144
1770,0.144
1771,0.145
1772,0.144
1773,0.144
1774,0.144
1775,0.144
1776,0.144
1777,0.144
1778,0.144
1779,0.144
1780,0.144
1781,0.144
1782,0.144
1783,0.144
1784,0.144
1785,0.144
1786,0.144
1787,0.144
1788,0.144
1789,0.144
1790,0.144
1791,0.144
1792,0.144
1793,0.144
1794,0.144
1795,0.144
1796,0.144
1797,0.144
1798,0.144
1799,0.144
1800,0.144
1801,0.144
1802,0.144
1803,0.144
1804,0.144
1805,0.144
1806,0.144
1807,0.144
1808,0.144
1809,0.144
1810,0.144
1811,0.144
1812,0.143
1813,0.143
1814,0.143
1815,0.143
1816,0.144
1817,0.144
1818,0.144
1819,0.143
1820,0.144
1821,0.144
1822,0.144
1823,0.144
1824,0.144
1825,0.144
1826,0.143
1827,0.143
1828,0.143
1829,0.143
1830,0.143
1831,0.143
1832,0.143
1833,0.143
1834,0.143
1835,0.143
1836,0.143
1837,0.143
1838,0.143
1839,0.143
1840,0.143
1841,0.143
1842,0.143
1843,0.143
1844,0.143
1845,0.143
1846,0.143
1847,0.143
1848,0.143
1849,0.143
1850,0.143
1851,0.143
1852,0.143
1853,0.143
1854,0.143
1855,0.143
1856,0.143
1857,0.143
1858,0.143
1859,0.143
1860,0.142
1861,0.142
1862,0.142
1863,0.143
1864,0.143
1865,0.143
1866,0.143
1867,0.142
1868,0.142
1869,0.142
1870,0.142
1871,0.142
1872,0.142
1873,0.142
1874,0.142
1875,0.142
1876,0.142
1877,0.142
1878,0.142
1879,0.142
1880,0.142
1881,0.142
1882,0.142
1883,0.142
1884,0.142
1885,0.142
1886,0.142
1887,0.142
1888,0.142
1889,0.142
1890,0.142
1891,0.142
1892,0.142
1893,0.142
1894,0.141
1895,0.141
1896,0.141
1897,0.141
1898,0.141
1899,0.141
1900,0.141
1901,0.141
1902,0.141
1903,0.141
1904,0.141
1905,0.141
1906,0.141
1907,0.141
1908,0.141
1909,0.141
1910,0.141
1911,0.141
1912,0.141
1913,0.141
1914,0.141
1915,0.141
1916,0.141
1917,0.141
1918,0.141
1919,0.141
1920,0.141
1921,0.141
1922,0.14
1923,0.14
1924,0.14
1925,0.14
1926,0.141
1927,0.141
1928,0.141
1929,0.14
1930,0.14
1931,0.14
1932,0.14
1933,0.14
1934,0.14
1935,0.14
1936,0.14
1937,0.14
1938,0.14
1939,0.14
1940,0.14
1941,0.14
1942,0.14
1943,0.139
1944,0.139
1945,0.139
1946,0.14
1947,0.14
1948,0.14
1949,0.141
1950,0.141
1951,0.14
1952,0.14
1953,0.14
1954,0.14
1955,0.14
1956,0.14
1957,0.14
1958,0.14
1959,0.14
1960,0.14
1961,0.14
1962,0.14
1963,0.14
1964,0.14
1965,0.14
1966,0.14
1967,0.14
1968,0.14
1969,0.14
1970,0.14
1971,0.14
1972,0.139
1973,0.139
1974,0.14
1975,0.14
1976,0.14
1977,0.14
1978,0.14
1979,0.139
1980,0.14
1981,0.14
1982,0.14
1983,0.14
1984,0.14
1985,0.14
1986,0.139
1987,0.14
1988,0.14
1989,0.14
1990,0.14
1991,0.14
1992,0.14
1993,0.139
1994,0.139
1995,0.139
1996,0.139
1997,0.14
1998,0.14
1999,0.14
2000,0.14
2001,0.139
2002,0.139
2003,0.139
2004,0.139
2005,0.14
2006,0.14
2007,0.14
2008,0.139
2009,0.139
2010,0.139
2011,0.139
2012,0.139
2013,0.139
2014,0.14
2015,0.139
2016,0.139
2017,0.139
2018,0.139
2019,0.139
2020,0.139
2021,0.139
2022,0.139
2023,0.139
2024,0.139
2025,0.139
2026,0.14
2027,0.14
2028,0.14
2029,0.139
2030,0.139
2031,0.139
2032,0.139
2033,0.139
2034,0.139
2035,0.14
2036,0.14
2037,0.14
2038,0.14
2039,0.14
2040,0.14
2041,0.14
2042,0.14
2043,0.14
2044,0.14
2045,0.14
2046,0.14
2047,0.14
2048,0.14
2049,0.14
2050,0.14
2051,0.14
2052,0.14
2053,0.14
2054,0.14
2055,0.14
2056,0.14
2057,0.14
2058,0.139
2059,0.139
2060,0.139
2061,0.139
2062,0.139
2063,0.139
2064,0.139
2065,0.139
2066,0.139
2067,0.139
2068,0.139
2069,0.139
2070,0.139
2071,0.139
2072,0.139
2073,0.139
2074,0.139
2075,0.139
2076,0.14
2077,0.14
2078,0.14
2079,0.139
2080,0.139
2081,0.139
2082,0.139
2083,0.139
2084,0.14
2085,0.14
2086,0.14
2087,0.139
2088,0.139
2089,0.139
2090,0.139
2091,0.139
2092,0.139
2093,0.139
2094,0.139
2095,0.139
2096,0.139
2097,0.139
2098,0.139
2099,0.139
2100,0.139
2101,0.139
2102,0.139
2103,0.139
2104,0.139
2105,0.139
2106,0.139
2107,0.139
2108,0.139
2109,0.138
2110,0.139
2111,0.139
2112,0.139
2113,0.139
2114,0.139
2115,0.139
2116,0.139
2117,0.139
2118,0.139
2119,0.139
2120,0.139
2121,0.139
2122,0.139
2123,0.139
2124,0.139
2125,0.139
2126,0.139
2127,0.139
2128,0.139
2129,0.139
2130,0.139
2131,0.139
2132,0.139
2133,0.139
2134,0.139
2135,0.139
2136,0.139
2137,0.139
2138,0.139
2139,0.139
2140,0.139
2141,0.139
2142,0.139
2143,0.14
2144,0.139
2145,0.14
2146,0.14
2147,0.14
2148,0.14
2149,0.14
2150,0.14
2151,0.14
2152,0.14
2153,0.14
2154,0.14
2155,0.14
2156,0.14
2157,0.14
2158,0.14
2159,0.14
2160,0.14
2161,0.14
2162,0.14
2163,0.141
2164,0.141
2165,0.141
2166,0.141
2167,0.141
2168,0.141
2169,0.141
2170,0.141
2171,0.141
2172,0.141
2173,0.141
2174,0.141
2175,0.141
2176,0.141
2177,0.141
2178,0.141
2179,0.141
2180,0.141
2181,0.141
2182,0.141
2183,0.141
2184,0.141
2185,0.141
2186,0.141
2187,0.141
2188,0.141
2189,0.141
2190,0.141
2191,0.141
2192,0.141
2193,0.141
2194,0.141
2195,0.141
2196,0.141
2197,0.141
2198,0.141
2199,0.141
2200,0.141
2201,0.141
2202,0.141
2203,0.141
2204,0.141
2205,0.141
2206,0.141
2207,0.141
2208,0.141
2209,0.141
2210,0.142
2211,0.142
2212,0.142
2213,0.142
2214,0.142
2215,0.142
2216,0.142
2217,0.142
2218,0.142
2219,0.142
2220,0.141
2221,0.141
2222,0.141
2223,0.141
2224,0.141
2225,0.141
2226,0.141
2227,0.141
2228,0.141
2229,0.141
2230,0.141
2231,0.141
2232,0.141
2233,0.141
2234,0.141
2235,0.14
2236,0.14
2237,0.14
2238,0.14
2239,0.14
2240,0.14
2241,0.14
2242,0.14
2243,0.14
2244,0.14
2245,0.14
2246,0.14
2247,0.14
2248,0.14
2249,0.14
2250,0.14
2251,0.14
2252,0.14
2253,0.14
2254,0.14
2255,0.14
2256,0.14
2257,0.14
2258,0.14
2259,0.139
2260,0.139
2261,0.14
2262,0.14
2263,0.14
2264,0.14
2265,0.14
2266,0.139
2267,0.139
2268,0.139
2269,0.139
2270,0.14
2271,0.14
2272,0.14
2273,0.14
2274,0.14
2275,0.141
2276,0.141
2277,0.141
2278,0.141
2279,0.141
2280,0.141
2281,0.141
2282,0.141
2283,0.141
2284,0.141
2285,0.141
2286,0.141
2287,0.141
2288,0.141
2289,0.141
2290,0.141
2291,0.141
2292,0.14
2293,0.14
2294,0.14
2295,0.14
2296,0.14
2297,0.14
2298,0.14
2299,0.14
2300,0.14
2301,0.14
2302,0.14
2303,0.14
2304,0.14
2305,0.14
2306,0.14
2307,0.14
2308,0.14
2309,0.14
2310,0.14
2311,0.14
2312,0.14
2313,0.14
2314,0.14
2315,0.14
2316,0.139
2317,0.139
2318,0.14
2319,0.14
2320,0.14
2321,0.14
2322,0.14
2323,0.141
2324,0.141
2325,0.141
2326,0.141
2327,0.141
2328,0.141
2329,0.141
2330,0.141
2331,0.141
2332,0.141
2333,0.141
2334,0.141
2335,0.14
2336,0.141
2337,0.141
2338,0.141
2339,0.141
2340,0.141
2341,0.141
2342,0.141
2343,0.141
2344,0.141
2345,0.141
2346,0.141
2347,0.141
2348,0.141
2349,0.141
2350,0.141
2351,0.141
2352,0.141
2353,0.141
2354,0.141
2355,0.141
2356,0.14
2357,0.14
2358,0.14
2359,0.14
2360,0.14
2361,0.14
2362,0.14
2363,0.14
2364,0.14
2365,0.14
2366,0.14
2367,0.14
2368,0.14
2369,0.14
2370,0.141
2371,0.14
2372,0.14
2373,0.14
2374,0.14
2375,0.14
2376,0.141
2377,0.141
2378,0.14
2379,0.14
2380,0.14
2381,0.141
2382,0.141
2383,0.141
2384,0.141
2385,0.14
2386,0.141
2387,0.141
2388,0.141
2389,0.141
2390,0.141
2391,0.141
2392,0.141
2393,0.141
2394,0.141
2395,0.141
2396,0.141
2397,0.141
2398,0.141
2399,0.141
2400,0.141
2401,0.141
2402,0.141
2403,0.141
2404,0.141
2405,0.141
2406,0.141
2407,0.141
2408,0.141
2409,0.141
2410,0.141
2411,0.141
2412,0.141
2413,0.141
2414,0.141
2415,0.141
2416,0.141
2417,0.141
2418,0.141
2419,0.141
2420,0.141
2421,0.141
2422,0.141
2423,0.141
2424,0.141
2425,0.141
2426,0.141
2427,0.141
2428,0.141
2429,0.141
2430,0.142
2431,0.142
2432,0.141
2433,0.141
2434,0.141
2435,0.141
2436,0.141
2437,0.141
2438,0.141
2439,0.141
2440,0.141
2441,0.141
2442,0.141
2443,0.141
2444,0.141
2445,0.141
2446,0.141
2447,0.141
2448,0.141
2449,0.141
2450,0.141
2451,0.141
2452,0.141
2453,0.141
2454,0.141
2455,0.141
2456,0.141
2457,0.141
2458,0.141
2459,0.141
2460,0.141
2461,0.141
2462,0.141
2463,0.14
2464,0.141
2465,0.141
2466,0.141
2467,0.141
2468,0.141
2469,0.141
2470,0.141
2471,0.141
2472,0.141
2473,0.141
2474,0.141
2475,0.141
2476,0.141
2477,0.141
2478,0.141
2479,0.141
2480,0.141
2481,0.141
2482,0.141
2483,0.141
2484,0.141
2485,0.142
2486,0.142
2487,0.142
2488,0.142
2489,0.142
2490,0.142
2491,0.142
2492,0.142
2493,0.142
2494,0.142
2495,0.141
2496,0.142
2497,0.142
2498,0.142
2499,0.142
2500,0.142
2501,0.142
2502,0.141
2503,0.141
2504,0.141
2505,0.141
2506,0.141
2507,0.142
2508,0.142
2509,0.141
2510,0.141
2511,0.141
2512,0.141
2513,0.141
2514,0.141
2515,0.141
2516,0.141
2517,0.141
2518,0.141
2519,0.141
2520,0.141
2521,0.141
2522,0.141
2523,0.141
2524,0.141
2525,0.141
2526,0.141
2527,0.141
2528,0.141
2529,0.141
2530,0.141
2531,0.141
2532,0.141
2533,0.141
2534,0.141
2535,0.141
2536,0.141
2537,0.141
2538,0.141
2539,0.141
2540,0.141
2541,0.141
2542,0.141
2543,0.141
2544,0.141
2545,0.141
2546,0.141
2547,0.141
2548,0.141
2549,0.14
2550,0.14
2551,0.14
2552,0.14
2553,0.14
2554,0.141
2555,0.141
2556,0.141
2557,0.141
2558,0.141
2559,0.141
2560,0.141
2561,0.141
2562,0.141
2563,0.14
2564,0.14
2565,0.14
2566,0.14
2567,0.14
2568,0.14
2569,0.14
2570,0.14
2571,0.14
2572,0.14
2573,0.14
2574,0.14
2575,0.14
2576,0.14
2577,0.14
2578,0.14
2579,0.14
2580,0.14
2581,0.14
2582,0.14
2583,0.14
2584,0.14
2585,0.14
2586,0.14
2587,0.14
2588,0.14
2589,0.14
2590,0.14
2591,0.14
2592,0.14
2593,0.14
2594,0.14
2595,0.14
2596,0.14
2597,0.14
2598,0.14
2599,0.14
2600,0.14
2601,0.14
2602,0.141
2603,0.141
2604,0.141
2605,0.14
2606,0.14
2607,0.14
2608,0.14
2609,0.14
2610,0.14
2611,0.14
2612,0.141
2613,0.14
2614,0.141
2615,0.141
2616,0.141
2617,0.141
2618,0.141
2619,0.141
2620,0.141
2621,0.141
2622,0.141
2623,0.141
2624,0.141
2625,0.141
2626,0.141
2627,0.141
2628,0.141
2629,0.141
2630,0.141
2631,0.141
2632,0.141
2633,0.141
2634,0.14
2635,0.14
2636,0.14
2637,0.141
2638,0.141
2639,0.141
2640,0.141
2641,0.141
2642,0.141
2643,0.141
2644,0.141
2645,0.141
2646,0.141
2647,0.141
2648,0.14
2649,0.14
2650,0.14
2651,0.14
2652,0.14
2653,0.14
2654,0.14
2655,0.14
2656,0.14
2657,0.14
2658,0.14
2659,0.14
2660,0.14
2661,0.14
2662,0.14
2663,0.14
2664,0.14
2665,0.14
2666,0.14
2667,0.141
2668,0.141
2669,0.141
2670,0.14
2671,0.14
2672,0.14
2673,0.14
2674,0.14
2675,0.14
2676,0.14
2677,0.14
2678,0.14
2679,0.14
2680,0.14
2681,0.14
2682,0.14
2683,0.14
2684,0.14
2685,0.14
2686,0.14
2687,0.14
2688,0.14
2689,0.141
2690,0.141
2691,0.141
2692,0.141
2693,0.141
2694,0.141
2695,0.141
2696,0.141
2697,0.141
2698,0.141
2699,0.141
2700,0.141
2701,0.141
2702,0.141
2703,0.141
2704,0.141
2705,0.141
2706,0.141
2707,0.141
2708,0.141
2709,0.141
2710,0.141
2711,0.141
2712,0.14
2713,0.14
2714,0.14
2715,0.14
2716,0.141
2717,0.141
2718,0.141
2719,0.14
2720,0.14
2721,0.14
2722,0.14
2723,0.14
2724,0.14
2725,0.14
2726,0.14
2727,0.14
2728,0.14
2729,0.14
2730,0.14
2731,0.141
2732,0.141
2733,0.141
2734,0.14
2735,0.14
2736,0.14
2737,0.14
2738,0.14
2739,0.14
2740,0.141
2741,0.14
2742,0.14
2743,0.14
2744,0.14
2745,0.14
2746,0.14
2747,0.14
2748,0.14
2749,0.14
2750,0.14
2751,0.14
2752,0.14
2753,0.14
2754,0.14
2755,0.14
2756,0.14
2757,0.14
2758,0.14
2759,0.14
2760,0.139
2761,0.139
2762,0.139
2763,0.139
2764,0.139
2765,0.139
2766,0.14
2767,0.14
2768,0.139
2769,0.139
2770,0.14
2771,0.14
2772,0.14
2773,0.14
2774,0.14
2775,0.139
2776,0.139
2777,0.139
2778,0.139
2779,0.139
2780,0.14
2781,0.14
2782,0.139
2783,0.139
2784,0.139
2785,0.139
2786,0.139
2787,0.139
2788,0.139
2789,0.139
2790,0.139
2791,0.139
2792,0.139
2793,0.139
2794,0.139
2795,0.139
2796,0.139
2797,0.139
2798,0.139
2799,0.139
2800,0.139
2801,0.139
2802,0.138
2803,0.138
2804,0.138
2805,0.139
2806,0.139
2807,0.139
2808,0.139
2809,0.138
2810,0.138
2811,0.139
2812,0.139
2813,0.139
2814,0.139
2815,0.139
2816,0.139
2817,0.139
2818,0.139
2819,0.139
2820,0.139
2821,0.139
2822,0.139
2823,0.139
2824,0.138
2825,0.138
2826,0.138
2827,0.138
2828,0.138
2829,0.138
2830,0.139
2831,0.138
2832,0.138
2833,0.139
2834,0.139
2835,0.139
2836,0.139
2837,0.139
2838,0.138
2839,0.138
2840,0.138
2841,0.138
2842,0.138
2843,0.138
2844,0.138
2845,0.138
2846,0.138
2847,0.138
2848,0.138
2849,0.138
2850,0.138
2851,0.138
2852,0.138
2853,0.138
2854,0.138
2855,0.138
2856,0.138
2857,0.138
2858,0.138
2859,0.138
2860,0.138
2861,0.138
2862,0.138
2863,0.138
2864,0.138
2865,0.138
2866,0.139
2867,0.138
2868,0.138
2869,0.138
2870,0.138
2871,0.138
2872,0.138
2873,0.138
2874,0.138
2875,0.138
2876,0.138
2877,0.138
2878,0.138
2879,0.138
2880,0.138
2881,0.138
2882,0.138
2883,0.138
2884,0.138
2885,0.138
2886,0.138
2887,0.138
2888,0.138
2889,0.138
2890,0.138
2891,0.138
2892,0.138
2893,0.138
2894,0.138
2895,0.138
2896,0.138
2897,0.138
2898,0.138
2899,0.138
2900,0.138
2901,0.138
2902,0.138
2903,0.138
2904,0.138
2905,0.138
2906,0.138
2907,0.138
2908,0.138
2909,0.138
2910,0.138
2911,0.138
2912,0.138
2913,0.138
2914,0.139
2915,0.139
2916,0.139
2917,0.139
2918,0.139
2919,0.139
2920,0.139
2921,0.139
2922,0.139
2923,0.139
2924,0.139
2925,0.139
2926,0.139
2927,0.139
2928,0.139
2929,0.14
2930,0.14
2931,0.14
2932,0.14
2933,0.14
2934,0.14
2935,0.14
2936,0.14
2937,0.14
2938,0.14
2939,0.14
2940,0.139
2941,0.139
2942,0.139
2943,0.139
2944,0.14
2945,0.14
2946,0.14
2947,0.139
2948,0.139
2949,0.139
2950,0.139
2951,0.139
2952,0.139
2953,0.139
2954,0.139
2955,0.139
2956,0.139
2957,0.139
2958,0.139
2959,0.139
2960,0.139
2961,0.139
2962,0.139
2963,0.139
2964,0.139
2965,0.139
2966,0.139
2967,0.139
2968,0.139
2969,0.139
2970,0.139
2971,0.139
2972,0.139
2973,0.139
2974,0.139
2975,0.138
2976,0.138
2977,0.138
2978,0.138
2979,0.138
2980,0.138
2981,0.138
2982,0.138
2983,0.138
2984,0.138
2985,0.138
2986,0.138
2987,0.138
2988,0.138
2989,0.138
2990,0.138
2991,0.138
2992,0.138
2993,0.138
2994,0.138
2995,0.138
2996,0.138
2997,0.138
2998,0.138
2999,0.138
3000,0.138